{"accuracy": [0.5799999833106995, 0.6800000071525574, 0.6200000047683716, 0.6399999856948853, 0.6000000238418579, 0.6399999856948853, 0.6399999856948853, 0.6200000047683716, 0.6000000238418579, 0.6399999856948853, 0.7200000286102295, 0.699999988079071, 0.5799999833106995, 0.7200000286102295, 0.6600000262260437, 0.7200000286102295, 0.7400000095367432, 0.699999988079071, 0.7400000095367432, 0.6399999856948853, 0.6800000071525574, 0.7200000286102295, 0.7599999904632568, 0.7799999713897705, 0.699999988079071, 0.6399999856948853, 0.800000011920929, 0.8199999928474426, 0.8399999737739563, 0.7599999904632568, 0.8199999928474426, 0.7400000095367432, 0.8600000143051147, 0.7400000095367432, 0.800000011920929, 0.7799999713897705, 0.7200000286102295, 0.8399999737739563, 0.7200000286102295, 0.7799999713897705, 0.8199999928474426, 0.8399999737739563, 0.7799999713897705, 0.7799999713897705, 0.8199999928474426, 0.800000011920929, 0.8199999928474426, 0.7599999904632568, 0.7400000095367432, 0.8399999737739563, 0.8600000143051147, 0.6399999856948853, 0.800000011920929, 0.8600000143051147, 0.8799999952316284, 0.8799999952316284, 0.8199999928474426, 0.7799999713897705, 0.8600000143051147, 0.8799999952316284, 0.800000011920929, 0.8799999952316284, 0.800000011920929, 0.7599999904632568, 0.8199999928474426, 0.8999999761581421, 0.8600000143051147, 0.9200000166893005, 0.8799999952316284, 0.8999999761581421, 0.8600000143051147, 0.800000011920929, 0.7599999904632568, 0.8799999952316284, 0.8799999952316284, 0.8999999761581421, 0.8999999761581421, 0.8999999761581421, 0.699999988079071, 0.8999999761581421, 0.9200000166893005, 0.8999999761581421, 0.8799999952316284, 0.8799999952316284, 0.8999999761581421, 0.8600000143051147, 0.9399999976158142, 0.8399999737739563, 0.8600000143051147, 0.7799999713897705, 0.8999999761581421, 0.8999999761581421, 0.8399999737739563, 0.8600000143051147, 0.8399999737739563, 0.800000011920929, 0.8799999952316284, 0.8199999928474426, 0.8399999737739563, 0.8799999952316284], "loss": [0.2921997308731079, 0.2521500885486603, 0.24346785247325897, 0.26285678148269653, 0.19599954783916473, 0.17369481921195984, 0.2321726530790329, 0.13746100664138794, 0.22664394974708557, 0.21593330800533295, 0.17579098045825958, 0.1434740573167801, 0.1686667650938034, 0.19346943497657776, 0.12142781913280487, 0.1361287534236908, 0.12578025460243225, 0.16031405329704285, 0.14636805653572083, 0.17006777226924896, 0.1300375908613205, 0.17695815861225128, 0.15284432470798492, 0.11119139939546585, 0.15313397347927094, 0.08698008209466934, 0.09441140294075012, 0.10639961808919907, 0.09681079536676407, 0.1859608292579651, 0.16000047326087952, 0.15171027183532715, 0.09824930131435394, 0.1583317220211029, 0.12869058549404144, 0.17370930314064026, 0.07739341259002686, 0.13066831231117249, 0.14221039414405823, 0.14825135469436646, 0.11455307900905609, 0.1396915316581726, 0.11765699833631516, 0.10429835319519043, 0.13336817920207977, 0.12463046610355377, 0.1043456420302391, 0.1452304720878601, 0.16907760500907898, 0.08836972713470459, 0.10401138663291931, 0.08204192668199539, 0.16850465536117554, 0.1849118173122406, 0.07303790748119354, 0.08880815654993057, 0.1338462382555008, 0.1527983546257019, 0.114076629281044, 0.07592104375362396, 0.14765535295009613, 0.1192784234881401, 0.11177917569875717, 0.06017555296421051, 0.06138564273715019, 0.10007127374410629, 0.045968424528837204, 0.07243804633617401, 0.08713971078395844, 0.08630363643169403, 0.12352948635816574, 0.13243740797042847, 0.12335416674613953, 0.062097154557704926, 0.11363812536001205, 0.10797683894634247, 0.12417669594287872, 0.10149644315242767, 0.06802267581224442, 0.14763201773166656, 0.16669487953186035, 0.05811034142971039, 0.07212944328784943, 0.08123303949832916, 0.06755877286195755, 0.13144521415233612, 0.06528138369321823, 0.031607650220394135, 0.10043411701917648, 0.08716538548469543, 0.10221149772405624, 0.0743681937456131, 0.07905569672584534, 0.08151120692491531, 0.10484059900045395, 0.07984001189470291, 0.11743892729282379, 0.11492207646369934, 0.08697201311588287, 0.09652578830718994]}