{"accuracy": [0.41999998688697815, 0.5799999833106995, 0.6000000238418579, 0.6600000262260437, 0.6200000047683716, 0.6399999856948853, 0.6000000238418579, 0.6800000071525574, 0.6200000047683716, 0.6200000047683716, 0.6800000071525574, 0.6399999856948853, 0.6800000071525574, 0.6200000047683716, 0.6000000238418579, 0.6000000238418579, 0.5600000023841858, 0.6200000047683716, 0.699999988079071, 0.5799999833106995, 0.5600000023841858, 0.6600000262260437, 0.6399999856948853, 0.7400000095367432, 0.6399999856948853, 0.6600000262260437, 0.5400000214576721, 0.6200000047683716, 0.6200000047683716, 0.7400000095367432, 0.7400000095367432, 0.6600000262260437, 0.6600000262260437, 0.6800000071525574, 0.6800000071525574, 0.699999988079071, 0.7200000286102295, 0.7400000095367432, 0.7599999904632568, 0.699999988079071, 0.7200000286102295, 0.699999988079071, 0.699999988079071, 0.6600000262260437, 0.699999988079071, 0.6800000071525574, 0.6200000047683716, 0.6800000071525574, 0.6600000262260437, 0.6600000262260437, 0.6800000071525574, 0.7400000095367432, 0.7200000286102295, 0.699999988079071, 0.6800000071525574, 0.6600000262260437, 0.7200000286102295, 0.6600000262260437, 0.699999988079071, 0.699999988079071, 0.7400000095367432, 0.7799999713897705, 0.699999988079071, 0.6800000071525574, 0.7400000095367432, 0.7200000286102295, 0.7200000286102295, 0.7400000095367432, 0.7200000286102295, 0.6800000071525574, 0.699999988079071, 0.7799999713897705, 0.6600000262260437, 0.7200000286102295, 0.7599999904632568, 0.7200000286102295, 0.7599999904632568, 0.699999988079071, 0.7200000286102295, 0.7799999713897705, 0.7200000286102295, 0.699999988079071, 0.699999988079071, 0.7200000286102295, 0.699999988079071, 0.7799999713897705, 0.6200000047683716, 0.6800000071525574, 0.7200000286102295, 0.7799999713897705, 0.7599999904632568, 0.6600000262260437, 0.7200000286102295, 0.7200000286102295, 0.699999988079071, 0.6600000262260437, 0.7599999904632568, 0.699999988079071, 0.699999988079071, 0.7599999904632568], "loss": [0.30342212319374084, 0.24323956668376923, 0.31179285049438477, 0.20662382245063782, 0.21543601155281067, 0.19121050834655762, 0.20909757912158966, 0.18367010354995728, 0.16971659660339355, 0.17075420916080475, 0.18622639775276184, 0.18779627978801727, 0.19667866826057434, 0.17560435831546783, 0.1894080489873886, 0.17672152817249298, 0.15386460721492767, 0.12147202342748642, 0.21989519894123077, 0.15594543516635895, 0.15974265336990356, 0.20800897479057312, 0.11584995687007904, 0.15622064471244812, 0.11864745616912842, 0.12461008876562119, 0.1541605442762375, 0.17095978558063507, 0.18947437405586243, 0.1423535943031311, 0.1471075862646103, 0.1110256016254425, 0.18499360978603363, 0.09674596786499023, 0.1143316775560379, 0.12688305974006653, 0.17954348027706146, 0.11902889609336853, 0.15209659934043884, 0.17390047013759613, 0.11781740188598633, 0.13888491690158844, 0.1811871975660324, 0.15639004111289978, 0.14099246263504028, 0.10582458972930908, 0.14776895940303802, 0.10768377780914307, 0.11418746411800385, 0.1226244866847992, 0.11754445731639862, 0.14378081262111664, 0.10845590382814407, 0.17381665110588074, 0.13576491177082062, 0.14572210609912872, 0.13029128313064575, 0.15574206411838531, 0.08984874933958054, 0.1228477954864502, 0.15582409501075745, 0.08698343485593796, 0.17470350861549377, 0.09654609858989716, 0.12094136327505112, 0.14626166224479675, 0.12243985384702682, 0.16654235124588013, 0.1217605397105217, 0.13897398114204407, 0.1767016351222992, 0.07183108478784561, 0.12298928201198578, 0.08713571727275848, 0.0986204594373703, 0.17118389904499054, 0.1383100003004074, 0.14410731196403503, 0.1379755139350891, 0.09259027987718582, 0.08690528571605682, 0.09872592985630035, 0.11674670875072479, 0.12253131717443466, 0.10113216936588287, 0.10722266137599945, 0.07908328622579575, 0.12410318106412888, 0.12318059802055359, 0.10047003626823425, 0.1990620344877243, 0.17822101712226868, 0.09169701486825943, 0.07565819472074509, 0.13873012363910675, 0.08754269033670425, 0.1502300649881363, 0.15561574697494507, 0.11459435522556305, 0.1489352583885193]}