{"accuracy": [0.36000001430511475, 0.4399999976158142, 0.4399999976158142, 0.5, 0.5199999809265137, 0.5400000214576721, 0.5600000023841858, 0.5600000023841858, 0.5199999809265137, 0.5199999809265137, 0.6200000047683716, 0.5600000023841858, 0.5799999833106995, 0.5600000023841858, 0.6399999856948853, 0.5799999833106995, 0.6600000262260437, 0.6000000238418579, 0.6200000047683716, 0.6399999856948853, 0.5799999833106995, 0.6200000047683716, 0.5799999833106995, 0.6399999856948853, 0.5600000023841858, 0.6000000238418579, 0.5799999833106995, 0.6000000238418579, 0.6200000047683716, 0.6000000238418579, 0.6200000047683716, 0.6200000047683716, 0.6200000047683716, 0.6200000047683716, 0.6200000047683716, 0.6000000238418579, 0.6200000047683716, 0.6000000238418579, 0.6200000047683716, 0.6000000238418579, 0.6200000047683716, 0.6200000047683716, 0.6600000262260437, 0.6000000238418579, 0.6200000047683716, 0.6000000238418579, 0.6200000047683716, 0.6000000238418579, 0.6600000262260437, 0.6200000047683716, 0.6399999856948853, 0.6200000047683716, 0.6000000238418579, 0.6000000238418579, 0.6399999856948853, 0.6000000238418579, 0.6000000238418579, 0.6399999856948853, 0.6200000047683716, 0.6000000238418579, 0.6000000238418579, 0.6600000262260437, 0.6600000262260437, 0.6000000238418579, 0.6000000238418579, 0.6600000262260437, 0.6200000047683716, 0.6600000262260437, 0.6399999856948853, 0.6800000071525574, 0.6399999856948853, 0.6200000047683716, 0.6000000238418579, 0.6200000047683716, 0.6200000047683716, 0.6399999856948853, 0.6600000262260437, 0.6600000262260437, 0.6000000238418579, 0.6600000262260437, 0.6000000238418579, 0.6399999856948853, 0.6600000262260437, 0.6200000047683716, 0.6600000262260437, 0.6800000071525574, 0.6600000262260437, 0.699999988079071, 0.6600000262260437, 0.6600000262260437, 0.6600000262260437, 0.699999988079071, 0.7200000286102295, 0.6600000262260437, 0.6600000262260437, 0.6800000071525574, 0.6600000262260437, 0.6399999856948853, 0.7200000286102295, 0.7200000286102295], "loss": [0.35706767439842224, 0.31798458099365234, 0.2827255427837372, 0.2784793972969055, 0.28678542375564575, 0.26103490591049194, 0.2176569104194641, 0.22297392785549164, 0.22689680755138397, 0.2311124950647354, 0.21982602775096893, 0.19409389793872833, 0.1887425035238266, 0.22742602229118347, 0.22843840718269348, 0.21890084445476532, 0.21817469596862793, 0.17909877002239227, 0.17074647545814514, 0.20599864423274994, 0.21666423976421356, 0.19612814486026764, 0.16553820669651031, 0.1616966873407364, 0.14337651431560516, 0.16198144853115082, 0.17733679711818695, 0.16464893519878387, 0.17489732801914215, 0.1537296622991562, 0.11917506158351898, 0.1672031730413437, 0.09886623919010162, 0.13223397731781006, 0.16837665438652039, 0.2231605499982834, 0.16790702939033508, 0.17374764382839203, 0.20541927218437195, 0.1645713746547699, 0.18335536122322083, 0.19256523251533508, 0.1377289593219757, 0.15078969299793243, 0.21382735669612885, 0.16039521992206573, 0.18854622542858124, 0.17479683458805084, 0.1523459404706955, 0.15071918070316315, 0.15293101966381073, 0.14201030135154724, 0.12460432201623917, 0.15257254242897034, 0.19733741879463196, 0.19902381300926208, 0.19768591225147247, 0.16128049790859222, 0.14342442154884338, 0.1643071472644806, 0.22145836055278778, 0.15430493652820587, 0.1724868267774582, 0.11574497073888779, 0.134055033326149, 0.17741532623767853, 0.1847376525402069, 0.12713392078876495, 0.1154930368065834, 0.15877050161361694, 0.1484554409980774, 0.12854161858558655, 0.17047499120235443, 0.16683611273765564, 0.1341182142496109, 0.1138320043683052, 0.1276632696390152, 0.11656349152326584, 0.13593977689743042, 0.18466442823410034, 0.17571645975112915, 0.11011547595262527, 0.12887880206108093, 0.1110953539609909, 0.13627082109451294, 0.13442189991474152, 0.16223813593387604, 0.13675691187381744, 0.13027097284793854, 0.18288663029670715, 0.17941874265670776, 0.13963381946086884, 0.1529642641544342, 0.1340295672416687, 0.1691349893808365, 0.16431254148483276, 0.10987542569637299, 0.13192318379878998, 0.20753975212574005, 0.10668238252401352]}