{"accuracy": [0.3199999928474426, 0.4399999976158142, 0.4399999976158142, 0.4399999976158142, 0.4399999976158142, 0.46000000834465027, 0.4399999976158142, 0.4399999976158142, 0.41999998688697815, 0.4399999976158142, 0.4399999976158142, 0.46000000834465027, 0.4000000059604645, 0.41999998688697815, 0.4000000059604645, 0.4000000059604645, 0.4000000059604645, 0.4000000059604645, 0.4000000059604645, 0.4000000059604645, 0.4000000059604645, 0.4000000059604645, 0.4399999976158142, 0.4399999976158142, 0.4399999976158142, 0.3799999952316284, 0.41999998688697815, 0.4399999976158142, 0.41999998688697815, 0.41999998688697815, 0.41999998688697815, 0.41999998688697815, 0.41999998688697815, 0.41999998688697815, 0.4000000059604645, 0.4000000059604645, 0.41999998688697815, 0.4000000059604645, 0.41999998688697815, 0.4000000059604645, 0.4000000059604645, 0.4000000059604645, 0.4000000059604645, 0.4000000059604645, 0.41999998688697815, 0.41999998688697815, 0.4000000059604645, 0.4000000059604645, 0.4000000059604645, 0.4000000059604645, 0.41999998688697815, 0.41999998688697815, 0.4000000059604645, 0.4000000059604645, 0.4399999976158142, 0.4000000059604645, 0.4000000059604645, 0.4399999976158142, 0.4399999976158142, 0.46000000834465027, 0.4000000059604645, 0.4000000059604645, 0.3799999952316284, 0.4399999976158142, 0.4000000059604645, 0.4399999976158142, 0.4399999976158142, 0.4000000059604645, 0.41999998688697815, 0.4399999976158142, 0.4399999976158142, 0.4399999976158142, 0.4399999976158142, 0.4399999976158142, 0.41999998688697815, 0.4399999976158142, 0.4399999976158142, 0.41999998688697815, 0.41999998688697815, 0.41999998688697815, 0.4399999976158142, 0.4399999976158142, 0.4399999976158142, 0.41999998688697815, 0.4399999976158142, 0.4399999976158142, 0.4399999976158142, 0.46000000834465027, 0.4399999976158142, 0.4399999976158142, 0.4399999976158142, 0.4399999976158142, 0.4399999976158142, 0.4399999976158142, 0.41999998688697815, 0.4399999976158142, 0.4399999976158142, 0.41999998688697815, 0.4399999976158142, 0.4399999976158142], "loss": [0.34954679012298584, 0.3516579568386078, 0.31547287106513977, 0.3212040662765503, 0.2947058081626892, 0.323188841342926, 0.3286899924278259, 0.318707674741745, 0.34853315353393555, 0.30472251772880554, 0.3343537151813507, 0.30825406312942505, 0.3241679072380066, 0.2605033218860626, 0.26865169405937195, 0.31507763266563416, 0.30653491616249084, 0.2893986105918884, 0.2737753689289093, 0.2545407712459564, 0.2960323393344879, 0.3189299404621124, 0.29293832182884216, 0.2797815501689911, 0.2945043444633484, 0.2774333357810974, 0.2942558228969574, 0.3133067488670349, 0.282178670167923, 0.24944350123405457, 0.26212579011917114, 0.28706470131874084, 0.2697051763534546, 0.32260844111442566, 0.2832130193710327, 0.33038562536239624, 0.2886877954006195, 0.2548336684703827, 0.31298479437828064, 0.2735859751701355, 0.27428197860717773, 0.2690882384777069, 0.28422120213508606, 0.21863064169883728, 0.25534501671791077, 0.25686919689178467, 0.2610577344894409, 0.2736191153526306, 0.27940526604652405, 0.2688269317150116, 0.3099435269832611, 0.27967455983161926, 0.2732781171798706, 0.25218671560287476, 0.31064948439598083, 0.2605608105659485, 0.24178309738636017, 0.3072594702243805, 0.2917173504829407, 0.2590627074241638, 0.2817445993423462, 0.27974674105644226, 0.31383535265922546, 0.2394677847623825, 0.2236335426568985, 0.24659806489944458, 0.2688940763473511, 0.321166455745697, 0.28374800086021423, 0.23934544622898102, 0.2852748930454254, 0.30597373843193054, 0.2923177182674408, 0.29602736234664917, 0.24546758830547333, 0.2652021050453186, 0.2898898422718048, 0.26095226407051086, 0.32947367429733276, 0.2573954164981842, 0.3196898102760315, 0.2901425063610077, 0.30429840087890625, 0.2542308270931244, 0.2623770236968994, 0.2814021110534668, 0.28088951110839844, 0.24725940823554993, 0.26111558079719543, 0.294837087392807, 0.2709198296070099, 0.2574695646762848, 0.29422956705093384, 0.2391451746225357, 0.24702447652816772, 0.23027604818344116, 0.3062310516834259, 0.310265451669693, 0.2857527434825897, 0.2832503616809845]}