{"accuracy": [0.4000000059604645, 0.36000001430511475, 0.4399999976158142, 0.46000000834465027, 0.46000000834465027, 0.46000000834465027, 0.46000000834465027, 0.5199999809265137, 0.47999998927116394, 0.46000000834465027, 0.5, 0.5400000214576721, 0.5600000023841858, 0.5400000214576721, 0.6000000238418579, 0.5799999833106995, 0.5799999833106995, 0.5600000023841858, 0.5799999833106995, 0.5600000023841858, 0.5600000023841858, 0.5799999833106995, 0.5600000023841858, 0.5600000023841858, 0.6000000238418579, 0.5600000023841858, 0.5600000023841858, 0.5600000023841858, 0.6000000238418579, 0.5799999833106995, 0.5799999833106995, 0.5799999833106995, 0.5799999833106995, 0.6000000238418579, 0.5799999833106995, 0.5799999833106995, 0.5799999833106995, 0.5799999833106995, 0.6000000238418579, 0.5799999833106995, 0.6000000238418579, 0.5799999833106995, 0.5400000214576721, 0.6000000238418579, 0.5799999833106995, 0.5799999833106995, 0.5799999833106995, 0.5799999833106995, 0.5400000214576721, 0.6000000238418579, 0.5799999833106995, 0.5799999833106995, 0.5600000023841858, 0.5400000214576721, 0.5799999833106995, 0.5400000214576721, 0.5400000214576721, 0.5799999833106995, 0.5799999833106995, 0.5799999833106995, 0.5600000023841858, 0.5600000023841858, 0.5600000023841858, 0.5799999833106995, 0.5600000023841858, 0.5, 0.5400000214576721, 0.6000000238418579, 0.5600000023841858, 0.5400000214576721, 0.5799999833106995, 0.5799999833106995, 0.5799999833106995, 0.6000000238418579, 0.5400000214576721, 0.5400000214576721, 0.5400000214576721, 0.5600000023841858, 0.5400000214576721, 0.5400000214576721, 0.5600000023841858, 0.5, 0.5600000023841858, 0.5799999833106995, 0.5400000214576721, 0.5600000023841858, 0.47999998927116394, 0.5600000023841858, 0.5600000023841858, 0.5199999809265137, 0.47999998927116394, 0.5600000023841858, 0.47999998927116394, 0.5600000023841858, 0.5600000023841858, 0.5600000023841858, 0.5199999809265137, 0.5, 0.5199999809265137, 0.5], "loss": [0.3431988060474396, 0.2866978347301483, 0.304511696100235, 0.30271583795547485, 0.29174312949180603, 0.2845267355442047, 0.25776487588882446, 0.27426549792289734, 0.28419503569602966, 0.2629808485507965, 0.2834566831588745, 0.2808853089809418, 0.2663460075855255, 0.26794907450675964, 0.26936689019203186, 0.2907273471355438, 0.2528558373451233, 0.270609587430954, 0.3082989454269409, 0.2548392415046692, 0.27029335498809814, 0.2834579348564148, 0.26086387038230896, 0.3004603683948517, 0.30208858847618103, 0.23967310786247253, 0.2780968248844147, 0.2885470986366272, 0.2723791003227234, 0.2745853662490845, 0.22458499670028687, 0.28297340869903564, 0.263178288936615, 0.27983367443084717, 0.3086495101451874, 0.26973068714141846, 0.25317639112472534, 0.2852028012275696, 0.2547737658023834, 0.2511933147907257, 0.2921164333820343, 0.25657084584236145, 0.26105961203575134, 0.2409035563468933, 0.27990543842315674, 0.2761715054512024, 0.2609492540359497, 0.2950601577758789, 0.27686434984207153, 0.27228057384490967, 0.26028865575790405, 0.2437496930360794, 0.25929707288742065, 0.2775900661945343, 0.28192397952079773, 0.2631656527519226, 0.27069091796875, 0.27846404910087585, 0.2945157289505005, 0.2786652743816376, 0.27012354135513306, 0.244535431265831, 0.26961952447891235, 0.26176169514656067, 0.2821027934551239, 0.2597895860671997, 0.2636791169643402, 0.25037911534309387, 0.23986266553401947, 0.241432324051857, 0.30017027258872986, 0.2670779228210449, 0.27768200635910034, 0.23995260894298553, 0.2707526981830597, 0.2727300226688385, 0.3049761652946472, 0.28094595670700073, 0.2391270250082016, 0.2544221580028534, 0.275118887424469, 0.267425000667572, 0.27584749460220337, 0.27067917585372925, 0.2353772670030594, 0.23885101079940796, 0.25803008675575256, 0.2649281620979309, 0.26190078258514404, 0.2660675346851349, 0.23467466235160828, 0.24812889099121094, 0.24506014585494995, 0.26111191511154175, 0.31161895394325256, 0.2478167861700058, 0.23526978492736816, 0.28916656970977783, 0.2658641040325165, 0.3230762183666229]}