{"accuracy": [0.3799999952316284, 0.36000001430511475, 0.4000000059604645, 0.41999998688697815, 0.41999998688697815, 0.41999998688697815, 0.47999998927116394, 0.5199999809265137, 0.5199999809265137, 0.5600000023841858, 0.5799999833106995, 0.5600000023841858, 0.5799999833106995, 0.5799999833106995, 0.5600000023841858, 0.6200000047683716, 0.5600000023841858, 0.5799999833106995, 0.6000000238418579, 0.5799999833106995, 0.5799999833106995, 0.6200000047683716, 0.6800000071525574, 0.6200000047683716, 0.6800000071525574, 0.5799999833106995, 0.6800000071525574, 0.6800000071525574, 0.6800000071525574, 0.699999988079071, 0.699999988079071, 0.6600000262260437, 0.699999988079071, 0.699999988079071, 0.6399999856948853, 0.6800000071525574, 0.6800000071525574, 0.6800000071525574, 0.6800000071525574, 0.6800000071525574, 0.6800000071525574, 0.6800000071525574, 0.6800000071525574, 0.6600000262260437, 0.6600000262260437, 0.6600000262260437, 0.699999988079071, 0.6800000071525574, 0.6800000071525574, 0.6600000262260437, 0.6600000262260437, 0.6399999856948853, 0.6600000262260437, 0.699999988079071, 0.6800000071525574, 0.6800000071525574, 0.699999988079071, 0.6600000262260437, 0.6600000262260437, 0.699999988079071, 0.6600000262260437, 0.6399999856948853, 0.6399999856948853, 0.6399999856948853, 0.6600000262260437, 0.6200000047683716, 0.6600000262260437, 0.6399999856948853, 0.6200000047683716, 0.6200000047683716, 0.6600000262260437, 0.6399999856948853, 0.699999988079071, 0.6600000262260437, 0.6600000262260437, 0.7200000286102295, 0.699999988079071, 0.6800000071525574, 0.699999988079071, 0.699999988079071, 0.7200000286102295, 0.7200000286102295, 0.6800000071525574, 0.6600000262260437, 0.6399999856948853, 0.6399999856948853, 0.699999988079071, 0.6600000262260437, 0.6800000071525574, 0.6800000071525574, 0.6600000262260437, 0.6800000071525574, 0.6800000071525574, 0.6600000262260437, 0.699999988079071, 0.699999988079071, 0.6600000262260437, 0.7200000286102295, 0.6800000071525574, 0.6600000262260437], "loss": [0.36531728506088257, 0.35233649611473083, 0.3309832811355591, 0.30930641293525696, 0.2993778884410858, 0.2977128028869629, 0.2764599025249481, 0.25309163331985474, 0.24536998569965363, 0.23278102278709412, 0.24795588850975037, 0.23271337151527405, 0.2072223722934723, 0.230728879570961, 0.24448099732398987, 0.23173922300338745, 0.2405993938446045, 0.2130168229341507, 0.1976899355649948, 0.2251579761505127, 0.23161007463932037, 0.21386772394180298, 0.19825221598148346, 0.18947233259677887, 0.19157759845256805, 0.1752735674381256, 0.17857928574085236, 0.18012447655200958, 0.1907488852739334, 0.15568040311336517, 0.14673994481563568, 0.17781108617782593, 0.11466678977012634, 0.17530713975429535, 0.175276517868042, 0.2123228907585144, 0.18791748583316803, 0.16606231033802032, 0.2275390923023224, 0.17149928212165833, 0.20136897265911102, 0.2116570919752121, 0.15204259753227234, 0.15463589131832123, 0.19432799518108368, 0.16315020620822906, 0.18953876197338104, 0.16255103051662445, 0.15952113270759583, 0.16051408648490906, 0.1356075555086136, 0.1387481987476349, 0.14596031606197357, 0.14349883794784546, 0.19261541962623596, 0.18793973326683044, 0.21812881529331207, 0.1532333493232727, 0.15150858461856842, 0.19146184623241425, 0.23469357192516327, 0.15974946320056915, 0.1820221096277237, 0.12202267348766327, 0.14036673307418823, 0.14173266291618347, 0.18251162767410278, 0.12172529101371765, 0.12065238505601883, 0.1747545599937439, 0.1408277153968811, 0.12227793037891388, 0.15003672242164612, 0.18439981341362, 0.1423577219247818, 0.1151370108127594, 0.14822320640087128, 0.1176186352968216, 0.14476536214351654, 0.1837184727191925, 0.20994947850704193, 0.10902103781700134, 0.12125267833471298, 0.11165835708379745, 0.17067362368106842, 0.14215053617954254, 0.15727455914020538, 0.1626095324754715, 0.14080412685871124, 0.1760200560092926, 0.16933006048202515, 0.18403315544128418, 0.14250656962394714, 0.15753808617591858, 0.16165591776371002, 0.17586840689182281, 0.11529073864221573, 0.13266228139400482, 0.2145778387784958, 0.1296105533838272]}