{"accuracy": [0.5199999809265137, 0.5600000023841858, 0.5400000214576721, 0.6200000047683716, 0.6600000262260437, 0.6600000262260437, 0.6000000238418579, 0.6200000047683716, 0.6000000238418579, 0.6399999856948853, 0.6600000262260437, 0.6800000071525574, 0.6600000262260437, 0.6399999856948853, 0.699999988079071, 0.5600000023841858, 0.6600000262260437, 0.6399999856948853, 0.6399999856948853, 0.6200000047683716, 0.5, 0.5199999809265137, 0.6200000047683716, 0.6200000047683716, 0.6200000047683716, 0.5799999833106995, 0.5799999833106995, 0.5600000023841858, 0.6200000047683716, 0.6000000238418579, 0.6000000238418579, 0.47999998927116394, 0.5199999809265137, 0.699999988079071, 0.6399999856948853, 0.7400000095367432, 0.5799999833106995, 0.7200000286102295, 0.5799999833106995, 0.7400000095367432, 0.7400000095367432, 0.6399999856948853, 0.699999988079071, 0.699999988079071, 0.6399999856948853, 0.7200000286102295, 0.6800000071525574, 0.7400000095367432, 0.6000000238418579, 0.699999988079071, 0.7200000286102295, 0.6200000047683716, 0.7200000286102295, 0.7200000286102295, 0.7400000095367432, 0.6800000071525574, 0.6600000262260437, 0.6600000262260437, 0.7799999713897705, 0.7799999713897705, 0.7400000095367432, 0.6800000071525574, 0.7400000095367432, 0.7400000095367432, 0.6800000071525574, 0.7400000095367432, 0.7799999713897705, 0.7200000286102295, 0.6800000071525574, 0.7599999904632568, 0.7799999713897705, 0.6600000262260437, 0.7200000286102295, 0.800000011920929, 0.7799999713897705, 0.7599999904632568, 0.7799999713897705, 0.7599999904632568, 0.800000011920929, 0.8199999928474426, 0.7799999713897705, 0.699999988079071, 0.7200000286102295, 0.7599999904632568, 0.7799999713897705, 0.699999988079071, 0.7599999904632568, 0.7599999904632568, 0.6800000071525574, 0.7400000095367432, 0.7799999713897705, 0.7799999713897705, 0.7400000095367432, 0.8199999928474426, 0.699999988079071, 0.7799999713897705, 0.7599999904632568, 0.7200000286102295, 0.7599999904632568, 0.699999988079071], "loss": [0.2611502707004547, 0.227128267288208, 0.2600354850292206, 0.23853303492069244, 0.22524532675743103, 0.22379034757614136, 0.25991570949554443, 0.15665999054908752, 0.21623702347278595, 0.19965024292469025, 0.19958414137363434, 0.1417202204465866, 0.17616748809814453, 0.21003417670726776, 0.24214810132980347, 0.19880680739879608, 0.18201617896556854, 0.1520177274942398, 0.19061340391635895, 0.21118004620075226, 0.21782156825065613, 0.1649731695652008, 0.13889266550540924, 0.18890129029750824, 0.15902677178382874, 0.160644993185997, 0.14601461589336395, 0.1346302479505539, 0.19143085181713104, 0.11916651576757431, 0.09328185021877289, 0.16507743299007416, 0.08648612350225449, 0.17646309733390808, 0.17345231771469116, 0.19834837317466736, 0.17008252441883087, 0.14875121414661407, 0.22239746153354645, 0.16106654703617096, 0.16720566153526306, 0.19661729037761688, 0.15461143851280212, 0.16234126687049866, 0.15613065659999847, 0.15225917100906372, 0.21151284873485565, 0.13061781227588654, 0.133512482047081, 0.14556747674942017, 0.15138332545757294, 0.1518099308013916, 0.1372450888156891, 0.15090011060237885, 0.20120741426944733, 0.18152977526187897, 0.21754606068134308, 0.13200470805168152, 0.13868139684200287, 0.15719719231128693, 0.2085101306438446, 0.17077580094337463, 0.18176913261413574, 0.10138299316167831, 0.12623150646686554, 0.18225941061973572, 0.15145723521709442, 0.14438073337078094, 0.09833787381649017, 0.12370708584785461, 0.11145151406526566, 0.10995831340551376, 0.13928446173667908, 0.14729352295398712, 0.12523692846298218, 0.08505571633577347, 0.1492612510919571, 0.1286696493625641, 0.1123640388250351, 0.15734724700450897, 0.1608780324459076, 0.10302402824163437, 0.10961469262838364, 0.13716314733028412, 0.1597723662853241, 0.10357809066772461, 0.12288876622915268, 0.1756148338317871, 0.12667007744312286, 0.13400131464004517, 0.1514936238527298, 0.15146131813526154, 0.13490335643291473, 0.12218092381954193, 0.12365497648715973, 0.1090327724814415, 0.12807533144950867, 0.11063256114721298, 0.17924465239048004, 0.13710571825504303]}