{"accuracy": [0.5799999833106995, 0.5199999809265137, 0.5400000214576721, 0.5400000214576721, 0.47999998927116394, 0.5799999833106995, 0.47999998927116394, 0.6200000047683716, 0.5400000214576721, 0.5400000214576721, 0.4000000059604645, 0.3799999952316284, 0.5, 0.5400000214576721, 0.5400000214576721, 0.41999998688697815, 0.4399999976158142, 0.5199999809265137, 0.4399999976158142, 0.46000000834465027, 0.3799999952316284, 0.47999998927116394, 0.41999998688697815, 0.3799999952316284, 0.5400000214576721, 0.47999998927116394, 0.4000000059604645, 0.5199999809265137, 0.5400000214576721, 0.47999998927116394, 0.4399999976158142, 0.5400000214576721, 0.47999998927116394, 0.5, 0.46000000834465027, 0.5400000214576721, 0.3400000035762787, 0.5199999809265137, 0.5600000023841858, 0.5600000023841858, 0.47999998927116394, 0.4399999976158142, 0.4399999976158142, 0.5, 0.4000000059604645, 0.5199999809265137, 0.5600000023841858, 0.5, 0.4000000059604645, 0.36000001430511475, 0.4399999976158142, 0.3799999952316284, 0.5199999809265137, 0.5, 0.3400000035762787, 0.5400000214576721, 0.4399999976158142, 0.5199999809265137, 0.4399999976158142, 0.41999998688697815, 0.4399999976158142, 0.41999998688697815, 0.46000000834465027, 0.4399999976158142, 0.5199999809265137, 0.4000000059604645, 0.5, 0.41999998688697815, 0.46000000834465027, 0.5, 0.46000000834465027, 0.4000000059604645, 0.5400000214576721, 0.5199999809265137, 0.6200000047683716, 0.46000000834465027, 0.4399999976158142, 0.5400000214576721, 0.6600000262260437, 0.5799999833106995, 0.5600000023841858, 0.46000000834465027, 0.5400000214576721, 0.47999998927116394, 0.5, 0.5400000214576721, 0.46000000834465027, 0.46000000834465027, 0.5400000214576721, 0.4399999976158142, 0.5, 0.47999998927116394, 0.4399999976158142, 0.47999998927116394, 0.46000000834465027, 0.41999998688697815, 0.6399999856948853, 0.41999998688697815, 0.46000000834465027, 0.6200000047683716], "loss": [0.28000614047050476, 0.22639399766921997, 0.21373455226421356, 0.25431808829307556, 0.27988529205322266, 0.2505166828632355, 0.23120109736919403, 0.19410929083824158, 0.1927150934934616, 0.2028927057981491, 0.24293795228004456, 0.22554948925971985, 0.2036927491426468, 0.22369122505187988, 0.263614684343338, 0.2527012526988983, 0.22620674967765808, 0.276822030544281, 0.19110950827598572, 0.23454178869724274, 0.29575929045677185, 0.2304793894290924, 0.22327184677124023, 0.24325917661190033, 0.247007817029953, 0.22156959772109985, 0.22779956459999084, 0.21879485249519348, 0.27350038290023804, 0.20879815518856049, 0.185137540102005, 0.22812673449516296, 0.18613329529762268, 0.2269299179315567, 0.19622844457626343, 0.24880187213420868, 0.27194446325302124, 0.21972697973251343, 0.23885633051395416, 0.2077500820159912, 0.2277764528989792, 0.25418922305107117, 0.23933295905590057, 0.2244914472103119, 0.22926777601242065, 0.2123398631811142, 0.24838638305664062, 0.26820260286331177, 0.2523573935031891, 0.24197563529014587, 0.2438921332359314, 0.23640742897987366, 0.24207748472690582, 0.32331112027168274, 0.22722940146923065, 0.26054248213768005, 0.3083895444869995, 0.20917445421218872, 0.22678595781326294, 0.23602505028247833, 0.20566101372241974, 0.21385766565799713, 0.27153661847114563, 0.1941932588815689, 0.2168610841035843, 0.24726922810077667, 0.23319141566753387, 0.2135416567325592, 0.1837828904390335, 0.2525845766067505, 0.23011480271816254, 0.2211773693561554, 0.2663556635379791, 0.24445980787277222, 0.2318786084651947, 0.2296142429113388, 0.26898032426834106, 0.22721245884895325, 0.21156547963619232, 0.25606149435043335, 0.19969914853572845, 0.22925931215286255, 0.2530105412006378, 0.22549107670783997, 0.22904200851917267, 0.2982787489891052, 0.19807188212871552, 0.22450733184814453, 0.21574105322360992, 0.214859738945961, 0.2768785059452057, 0.2269645780324936, 0.25488752126693726, 0.22855237126350403, 0.22125670313835144, 0.2556195855140686, 0.25548282265663147, 0.18855474889278412, 0.2655486762523651, 0.22000247240066528]}