{"accuracy": [0.4399999976158142, 0.4399999976158142, 0.5199999809265137, 0.5199999809265137, 0.5400000214576721, 0.6000000238418579, 0.5799999833106995, 0.5799999833106995, 0.7200000286102295, 0.5799999833106995, 0.699999988079071, 0.6200000047683716, 0.6000000238418579, 0.5400000214576721, 0.6399999856948853, 0.6000000238418579, 0.6200000047683716, 0.6200000047683716, 0.5799999833106995, 0.6000000238418579, 0.6000000238418579, 0.6000000238418579, 0.6000000238418579, 0.6000000238418579, 0.5600000023841858, 0.6000000238418579, 0.6200000047683716, 0.6200000047683716, 0.6000000238418579, 0.6000000238418579, 0.6200000047683716, 0.5799999833106995, 0.5600000023841858, 0.6399999856948853, 0.5400000214576721, 0.5799999833106995, 0.5799999833106995, 0.6000000238418579, 0.6600000262260437, 0.6200000047683716, 0.6399999856948853, 0.6200000047683716, 0.6000000238418579, 0.6200000047683716, 0.6000000238418579, 0.6200000047683716, 0.5799999833106995, 0.5600000023841858, 0.6000000238418579, 0.6800000071525574, 0.6000000238418579, 0.6000000238418579, 0.5799999833106995, 0.6000000238418579, 0.5799999833106995, 0.6600000262260437, 0.6000000238418579, 0.6000000238418579, 0.6000000238418579, 0.6600000262260437, 0.6000000238418579, 0.6399999856948853, 0.6000000238418579, 0.6399999856948853, 0.6000000238418579, 0.6000000238418579, 0.6000000238418579, 0.6399999856948853, 0.6000000238418579, 0.6399999856948853, 0.6399999856948853, 0.6600000262260437, 0.6399999856948853, 0.6399999856948853, 0.6000000238418579, 0.6000000238418579, 0.6000000238418579, 0.6399999856948853, 0.6000000238418579, 0.6000000238418579, 0.6800000071525574, 0.6200000047683716, 0.5799999833106995, 0.6399999856948853, 0.5799999833106995, 0.5600000023841858, 0.5799999833106995, 0.5600000023841858, 0.6000000238418579, 0.6600000262260437, 0.6399999856948853, 0.5600000023841858, 0.5799999833106995, 0.6000000238418579, 0.6000000238418579, 0.5600000023841858, 0.5799999833106995, 0.5400000214576721, 0.6000000238418579, 0.6000000238418579], "loss": [0.3287881016731262, 0.263452410697937, 0.23697376251220703, 0.2577598989009857, 0.27287378907203674, 0.2385745495557785, 0.21706296503543854, 0.18912743031978607, 0.2229638397693634, 0.19259196519851685, 0.19815604388713837, 0.15416380763053894, 0.18082411587238312, 0.2025245726108551, 0.20774278044700623, 0.19676490128040314, 0.1924983710050583, 0.1614551842212677, 0.18563906848430634, 0.19978636503219604, 0.21379150450229645, 0.18950532376766205, 0.14673228561878204, 0.1548439860343933, 0.14248600602149963, 0.14870382845401764, 0.1504136472940445, 0.1673390418291092, 0.16309861838817596, 0.1277739703655243, 0.09642530977725983, 0.16268271207809448, 0.09244935214519501, 0.1433858871459961, 0.15353627502918243, 0.2487695962190628, 0.1795499473810196, 0.13413234055042267, 0.22655586898326874, 0.15283244848251343, 0.19330991804599762, 0.22262541949748993, 0.16741804778575897, 0.14484567940235138, 0.17202278971672058, 0.16917948424816132, 0.1876067966222763, 0.1528027057647705, 0.13736020028591156, 0.14990440011024475, 0.13628236949443817, 0.15912240743637085, 0.12174728512763977, 0.17478881776332855, 0.19329406321048737, 0.19807705283164978, 0.22267134487628937, 0.1277342140674591, 0.15395648777484894, 0.1969580203294754, 0.2084333449602127, 0.16283197700977325, 0.19721995294094086, 0.10564932972192764, 0.14450998604297638, 0.19310840964317322, 0.20066377520561218, 0.15922299027442932, 0.09951160103082657, 0.13577795028686523, 0.13817615807056427, 0.14473780989646912, 0.17007341980934143, 0.17513680458068848, 0.14578436315059662, 0.10396925359964371, 0.1563846915960312, 0.13227367401123047, 0.1220913976430893, 0.1935717910528183, 0.18457940220832825, 0.1094174012541771, 0.12088562548160553, 0.12646852433681488, 0.17208024859428406, 0.15981127321720123, 0.15174342691898346, 0.17002572119235992, 0.1354428082704544, 0.18121856451034546, 0.1885145604610443, 0.1665283888578415, 0.15269750356674194, 0.16224202513694763, 0.15409742295742035, 0.1446104347705841, 0.12181483954191208, 0.14821073412895203, 0.18611101806163788, 0.1108178049325943]}