{"accuracy": [0.3799999952316284, 0.4399999976158142, 0.5199999809265137, 0.5400000214576721, 0.5199999809265137, 0.5199999809265137, 0.5199999809265137, 0.5199999809265137, 0.5600000023841858, 0.5600000023841858, 0.5600000023841858, 0.5600000023841858, 0.5600000023841858, 0.5600000023841858, 0.5600000023841858, 0.5600000023841858, 0.5600000023841858, 0.6000000238418579, 0.6000000238418579, 0.6000000238418579, 0.6000000238418579, 0.6000000238418579, 0.6000000238418579, 0.6000000238418579, 0.6000000238418579, 0.6000000238418579, 0.6000000238418579, 0.6000000238418579, 0.6000000238418579, 0.6000000238418579, 0.6000000238418579, 0.6000000238418579, 0.6000000238418579, 0.6000000238418579, 0.6000000238418579, 0.6000000238418579, 0.6000000238418579, 0.6000000238418579, 0.6000000238418579, 0.6000000238418579, 0.6000000238418579, 0.6000000238418579, 0.6000000238418579, 0.6000000238418579, 0.6000000238418579, 0.6000000238418579, 0.6000000238418579, 0.6000000238418579, 0.5799999833106995, 0.5799999833106995, 0.6000000238418579, 0.6000000238418579, 0.5799999833106995, 0.5799999833106995, 0.5799999833106995, 0.5799999833106995, 0.5799999833106995, 0.5799999833106995, 0.5799999833106995, 0.5799999833106995, 0.5799999833106995, 0.5199999809265137, 0.5799999833106995, 0.5799999833106995, 0.5199999809265137, 0.5799999833106995, 0.5799999833106995, 0.5799999833106995, 0.5799999833106995, 0.5799999833106995, 0.5799999833106995, 0.5400000214576721, 0.5400000214576721, 0.5799999833106995, 0.5799999833106995, 0.5400000214576721, 0.5400000214576721, 0.6000000238418579, 0.6000000238418579, 0.5799999833106995, 0.6399999856948853, 0.6000000238418579, 0.5799999833106995, 0.6000000238418579, 0.6000000238418579, 0.5799999833106995, 0.6000000238418579, 0.6000000238418579, 0.6000000238418579, 0.5799999833106995, 0.5600000023841858, 0.6000000238418579, 0.5799999833106995, 0.5600000023841858, 0.5600000023841858, 0.5600000023841858, 0.5799999833106995, 0.5600000023841858, 0.5600000023841858, 0.5600000023841858], "loss": [0.34208256006240845, 0.3315207362174988, 0.30226075649261475, 0.3071599006652832, 0.2896611988544464, 0.26920223236083984, 0.3080786466598511, 0.281098872423172, 0.3187118172645569, 0.30644625425338745, 0.2905549705028534, 0.2584889233112335, 0.2792135775089264, 0.3050529360771179, 0.23824863135814667, 0.2597182095050812, 0.22791318595409393, 0.2820189297199249, 0.277942955493927, 0.25823768973350525, 0.2617923319339752, 0.27522414922714233, 0.28259339928627014, 0.23348386585712433, 0.2764281630516052, 0.24061770737171173, 0.2261999249458313, 0.269790917634964, 0.2400972545146942, 0.2770328223705292, 0.2742956578731537, 0.27993547916412354, 0.2645292580127716, 0.2750295400619507, 0.23838689923286438, 0.292104035615921, 0.27133557200431824, 0.26897382736206055, 0.24946194887161255, 0.2835945188999176, 0.2323417067527771, 0.26839736104011536, 0.2455514371395111, 0.24400076270103455, 0.2568821310997009, 0.2701381742954254, 0.22937990725040436, 0.3114277124404907, 0.28386738896369934, 0.22252419590950012, 0.291096568107605, 0.2652837038040161, 0.28718382120132446, 0.25325915217399597, 0.25307518243789673, 0.2578735947608948, 0.239567369222641, 0.23358988761901855, 0.28936338424682617, 0.2198023498058319, 0.294932097196579, 0.28224125504493713, 0.24483618140220642, 0.19768333435058594, 0.2448762059211731, 0.21919721364974976, 0.23764176666736603, 0.24250338971614838, 0.22804242372512817, 0.30015814304351807, 0.26107317209243774, 0.23259489238262177, 0.24350661039352417, 0.2432609647512436, 0.22313077747821808, 0.2329711765050888, 0.25007930397987366, 0.25364404916763306, 0.24450919032096863, 0.2793368995189667, 0.2545514404773712, 0.25179415941238403, 0.2547329366207123, 0.24180832505226135, 0.2434432953596115, 0.27393513917922974, 0.23331917822360992, 0.23259073495864868, 0.2628408372402191, 0.23530170321464539, 0.2757778763771057, 0.22515054047107697, 0.26529720425605774, 0.20822906494140625, 0.30558979511260986, 0.24389025568962097, 0.2413102686405182, 0.2447710633277893, 0.269729882478714, 0.2288309931755066]}