{"epsilons": [[0, 1, 2, 3, 4, 5, 6, 7, 8, 9], [0.9, 0.5738762589235352, 0.36592662284008043, 0.23332955706220979, 0.14878032589238496, 0.09486832980505137, 0.06049186910983001, 0.03857205282226823, 0.02459509485849364, 0.015682823361402008]], "rewards": [[0, 1, 2, 3, 4, 5, 6, 7, 8, 9], [0.0, 0.0, -0.6, -0.6, 0.0, 0.0, 0.0, -0.6, 0.0, 0.0]], "loss": [[0, 1, 2, 3, 4, 5, 6, 7, 8, 9], [0.0, 0.0, 0.0, 0.0, 0.0, 0.0, 0.0, 0.0, 0.0, 0.0]], "max_q": [[0, 1, 2, 3, 4, 5, 6, 7, 8, 9], [0.04175560548901558, 0.04233217611908913, 0.03807814046740532, 0.03823229670524597, 0.03347138687968254, 0.03347138687968254, 0.041799191385507584, 0.055223796516656876, 0.055223796516656876, 0.055223796516656876]], "min_q": [[0, 1, 2, 3, 4, 5, 6, 7, 8, 9], [-0.022977566346526146, -0.022413169965147972, -0.02229904755949974, -0.02168234996497631, -0.020901473239064217, -0.020901473239064217, -0.022359490394592285, -0.02590365707874298, -0.02590365707874298, -0.02590365707874298]], "d_fill": [[0, 1, 2, 3, 4, 5, 6, 7, 8, 9], [0.005, 0.015, 0.03, 0.045, 0.065, 0.115, 0.125, 0.17, 0.185, 0.235]], "eval_success_one": [[0, 9], [1.0, 1.0]], "eval_success_two": [[0, 9], [1.0, 1.0]], "eval_regret_one": [[0, 9], [0.3333333333333333, 0.3333333333333333]], "eval_regret_two": [[0, 9], [0.11111111111111116, 0.11111111111111116]], "eval_success_inv_one": [[0, 9], [1.0, 1.0]], "eval_success_inv_two": [[0, 9], [0.6666666666666666, 0.6666666666666666]], "eval_regret_inv_one": [[0, 9], [1.222222222222222, 1.222222222222222]], "eval_regret_inv_two": [[0, 9], [0.33333333333333326, 0.33333333333333326]]}