{"epsilons": [[0, 1, 2, 3, 4, 5, 6, 7, 8, 9, 10, 11, 12, 13, 14, 15, 16, 17, 18, 19], [0.9, 0.7186714360757506, 0.5738762589235352, 0.45825386125595147, 0.36592662284008043, 0.29220112392758907, 0.23332955706220979, 0.18631920872535232, 0.14878032589238496, 0.11880463385433165, 0.09486832980505137, 0.0757546209101158, 0.06049186910983001, 0.04830419827118651, 0.03857205282226823, 0.030800702882410234, 0.02459509485849364, 0.01963976904708104, 0.015682823361402008, 0.012523107985401226]], "rewards": [[0, 1, 2, 3, 4, 5, 6, 7, 8, 9, 10, 11, 12, 13, 14, 15, 16, 17, 18, 19], [0.0, 0.0, 0.0, -0.6, -4.440892098500626e-16, 0.0, -0.6666666666666665, -0.6, -0.25, -0.6, -0.25, 0.0, -0.20000000000000018, 4.440892098500626e-16, 0.0, -1.0000000000000004, 0.0, -1.6666666666666679, 0.0, -0.33333333333333304]], "loss": [[0, 1, 2, 3, 4, 5, 6, 7, 8, 9, 10, 11, 12, 13, 14, 15, 16, 17, 18, 19], [0.0, 0.0, 0.0, 0.0, 0.0, 0.0, 0.0, 0.0, 0.0, 0.0, 0.0, 0.0, 0.0, 0.0, 0.0, 0.0, 0.0, 0.0, 0.0, 0.0]], "max_q": [[0, 1, 2, 3, 4, 5, 6, 7, 8, 9, 10, 11, 12, 13, 14, 15, 16, 17, 18, 19], [0.04349781572818756, 0.03917452320456505, 0.03917452320456505, 0.03786271810531616, 0.03786271810531616, 0.03786271810531616, 0.04296207055449486, 0.03399910777807236, 0.03399910777807236, 0.061014678329229355, 0.061014678329229355, 0.061014678329229355, 0.061014678329229355, 0.061014678329229355, 0.061014678329229355, 0.061014678329229355, 0.061014678329229355, 0.061014678329229355, 0.061014678329229355, 0.061014678329229355]], "min_q": [[0, 1, 2, 3, 4, 5, 6, 7, 8, 9, 10, 11, 12, 13, 14, 15, 16, 17, 18, 19], [-0.0230110976845026, -0.022241773083806038, -0.022241773083806038, -0.02218654379248619, -0.02218654379248619, -0.02218654379248619, -0.023025518283247948, -0.021806029602885246, -0.021806029602885246, -0.02588498964905739, -0.02588498964905739, -0.02588498964905739, -0.02588498964905739, -0.02588498964905739, -0.02588498964905739, -0.02588498964905739, -0.02588498964905739, -0.02588498964905739, -0.02588498964905739, -0.02588498964905739]], "d_fill": [[0, 1, 2, 3, 4, 5, 6, 7, 8, 9, 10, 11, 12, 13, 14, 15, 16, 17, 18, 19], [0.005, 0.01, 0.015, 0.08, 0.085, 0.09, 0.11, 0.18, 0.195, 0.225, 0.24, 0.255, 0.27, 0.285, 0.29, 0.335, 0.34, 0.43, 0.44, 0.465]], "timesteps": [[0, 1, 2, 3, 4, 5, 6, 7, 8, 9, 10, 11, 12, 13, 14, 15, 16, 17, 18, 19], [1, 1, 1, 13, 1, 1, 4, 14, 3, 6, 3, 3, 3, 3, 1, 9, 1, 18, 2, 5]], "eval_success_one": [[0, 19], [0.6666666666666666, 0.6666666666666666]], "eval_success_two": [[0, 19], [1.0, 1.0]], "eval_success_three": [[0, 19], [0.6666666666666666, 0.6666666666666666]], "eval_regret_one": [[0, 19], [0.0, 0.0]], "eval_regret_two": [[0, 19], [0.05555555555555536, 0.05555555555555536]], "eval_regret_three": [[0, 19], [0.0, 0.0]], "eval_success_inv_one": [[0, 19], [0.6666666666666666, 0.6666666666666666]], "eval_success_inv_two": [[0, 19], [1.0, 1.0]], "eval_success_inv_three": [[0, 19], [0.3333333333333333, 0.3333333333333333]], "eval_regret_inv_one": [[0, 19], [0.0, 0.0]], "eval_regret_inv_two": [[0, 19], [0.8888888888888893, 0.8888888888888893]], "eval_regret_inv_three": [[0, 19], [0.0, 0.0]]}