{"epsilons": [[0, 1, 2, 3, 4, 5, 6, 7, 8, 9, 10, 11, 12, 13, 14, 15, 16, 17, 18, 19], [0.9, 0.7186714360757506, 0.5738762589235352, 0.45825386125595147, 0.36592662284008043, 0.29220112392758907, 0.23332955706220979, 0.18631920872535232, 0.14878032589238496, 0.11880463385433165, 0.09486832980505137, 0.0757546209101158, 0.06049186910983001, 0.04830419827118651, 0.03857205282226823, 0.030800702882410234, 0.02459509485849364, 0.01963976904708104, 0.015682823361402008, 0.012523107985401226]], "rewards": [[0, 1, 2, 3, 4, 5, 6, 7, 8, 9, 10, 11, 12, 13, 14, 15, 16, 17, 18, 19], [-0.6, 0.0, 0.0, 0.0, 0.0, 0.0, 0.0, -1.5, -0.25, 0.0, -0.25, -1.25, -1.5, -1.166666666666666, -1.666666666666666, 0.0, -1.166666666666666, -0.6666666666666661, -0.8333333333333339, -0.16666666666666785]], "loss": [[0, 1, 2, 3, 4, 5, 6, 7, 8, 9, 10, 11, 12, 13, 14, 15, 16, 17, 18, 19], [0.0, 0.0, 0.0, 0.0, 0.0, 0.0, 0.0, 0.0, 0.0, 0.0, 0.0, 0.0, 0.0, 0.0, 0.0, 0.006615932565182447, 0.014870459213852882, 0.012018597684800625, 0.0006004832684993744, 0.003333717118948698]], "max_q": [[0, 1, 2, 3, 4, 5, 6, 7, 8, 9, 10, 11, 12, 13, 14, 15, 16, 17, 18, 19], [0.030351068824529648, 0.029096286743879318, 0.029096286743879318, 0.029096286743879318, 0.029096286743879318, 0.030857883393764496, 0.030857883393764496, 0.030857883393764496, 0.08678967505693436, 0.08678967505693436, 0.06846641004085541, 0.06846641004085541, 0.1317867934703827, 0.1347426027059555, 0.1347426027059555, 0.14374122023582458, 0.1513308882713318, 0.1513308882713318, 0.1513308882713318, 0.1513308882713318]], "min_q": [[0, 1, 2, 3, 4, 5, 6, 7, 8, 9, 10, 11, 12, 13, 14, 15, 16, 17, 18, 19], [-0.02038356103003025, -0.01990237459540367, -0.01990237459540367, -0.01990237459540367, -0.01990237459540367, -0.02014961838722229, -0.02014961838722229, -0.02014961838722229, -0.032252777367830276, -0.032252777367830276, -0.028056059032678604, -0.028056059032678604, -0.042708080261945724, -0.04006917402148247, -0.04006917402148247, -0.04261487349867821, -0.017174459993839264, -0.017174459993839264, -0.017174459993839264, -0.017174459993839264]], "d_fill": [[0, 1, 2, 3, 4, 5, 6, 7, 8, 9, 10, 11, 12, 13, 14, 15, 16, 17, 18, 19], [0.02, 0.025, 0.03, 0.035, 0.04, 0.05, 0.06, 0.08, 0.1, 0.125, 0.165, 0.2, 0.29, 0.37, 0.47, 0.505, 0.565, 0.615, 0.66, 0.685]], "timesteps": [[0, 1, 2, 3, 4, 5, 6, 7, 8, 9, 10, 11, 12, 13, 14, 15, 16, 17, 18, 19], [4, 1, 1, 1, 1, 2, 2, 4, 4, 5, 8, 7, 18, 16, 20, 7, 12, 10, 9, 5]], "eval_success_random_fill": [[0, 15, 16, 17, 18, 19], [0.6666666666666666, 0.6666666666666666, 0.6666666666666666, 0.6666666666666666, 0.6666666666666666, 0.6666666666666666]], "eval_success_tracing_pathes_in_the_dark": [[0, 15, 16, 17, 18, 19], [1.0, 1.0, 1.0, 1.0, 1.0, 1.0]], "eval_success_corridor_with_passing": [[0, 15, 16, 17, 18, 19], [0.6666666666666666, 0.6666666666666666, 0.6666666666666666, 0.6666666666666666, 0.0, 0.0]], "eval_success_arena_with_crossing": [[0, 15, 16, 17, 18, 19], [1.0, 1.0, 1.0, 0.6666666666666666, 1.0, 1.0]], "eval_regret_random_fill": [[0, 15, 16, 17, 18, 19], [0.0, 0.0, 0.0, 0.0, 0.0, 0.0]], "eval_regret_tracing_pathes_in_the_dark": [[0, 15, 16, 17, 18, 19], [0.05555555555555536, 0.05555555555555536, 0.05555555555555536, 0.05555555555555536, 0.05555555555555536, 0.22222222222222263]], "eval_regret_corridor_with_passing": [[0, 15, 16, 17, 18, 19], [0.0, 0.0, 0.0, 0.0, NaN, NaN]], "eval_regret_arena_with_crossing": [[0, 15, 16, 17, 18, 19], [0.888888888888889, 0.888888888888889, 0.888888888888889, 0.5, 0.3333333333333333, 0.3333333333333333]], "eval_success_inv_random_fill": [[0, 15, 16, 17, 18, 19], [0.6666666666666666, 0.6666666666666666, 1.0, 1.0, 1.0, 1.0]], "eval_success_inv_tracing_pathes_in_the_dark": [[0, 15, 16, 17, 18, 19], [1.0, 1.0, 1.0, 1.0, 1.0, 1.0]], "eval_success_inv_corridor_with_passing": [[0, 15, 16, 17, 18, 19], [0.3333333333333333, 1.0, 1.0, 1.0, 1.0, 0.0]], "eval_success_inv_arena_with_crossing": [[0, 15, 16, 17, 18, 19], [1.0, 1.0, 1.0, 1.0, 1.0, 1.0]], "eval_regret_inv_random_fill": [[0, 15, 16, 17, 18, 19], [0.0, 0.0, 0.22222222222222232, 0.22222222222222232, 0.22222222222222232, 0.22222222222222232]], "eval_regret_inv_tracing_pathes_in_the_dark": [[0, 15, 16, 17, 18, 19], [0.8888888888888893, 0.8888888888888893, 0.8888888888888893, 0.22222222222222263, 0.22222222222222263, 0.05555555555555536]], "eval_regret_inv_corridor_with_passing": [[0, 15, 16, 17, 18, 19], [0.0, 1.3333333333333333, 1.3333333333333333, 1.3333333333333333, 4.666666666666667, NaN]], "eval_regret_inv_arena_with_crossing": [[0, 15, 16, 17, 18, 19], [0.11111111111111101, 0.11111111111111101, 0.11111111111111101, 0.11111111111111101, 0.7777777777777777, 0.7777777777777777]]}