{"epsilons": [[0, 1, 2, 3, 4, 5, 6, 7, 8, 9], [0.9, 0.5738762589235352, 0.36592662284008043, 0.23332955706220979, 0.14878032589238496, 0.09486832980505137, 0.06049186910983001, 0.03857205282226823, 0.02459509485849364, 0.015682823361402008]], "rewards": [[0, 1, 2, 3, 4, 5, 6, 7, 8, 9], [-0.6666666666666665, -0.6, -0.6, -0.33333333333333304, -0.3333333333333339, -0.6, -0.3333333333333335, 0.0, 0.0, -0.5]], "loss": [[0, 1, 2, 3, 4, 5, 6, 7, 8, 9], [0.0, 0.0, 0.0, 0.0, 0.0, 0.0, 0.0, 0.0, 0.0, 0.0]], "max_q": [[0, 1, 2, 3, 4, 5, 6, 7, 8, 9], [0.5215503573417664, 0.4044639468193054, 0.4718448519706726, 0.46696799993515015, 0.46932142972946167, 0.46932142972946167, 0.46932142972946167, 0.46932142972946167, 0.46932142972946167, 0.46932142972946167]], "min_q": [[0, 1, 2, 3, 4, 5, 6, 7, 8, 9], [-0.18313421308994293, -0.2109358161687851, -0.2350909411907196, -0.20212189853191376, -0.22601179778575897, -0.22601179778575897, -0.22601179778575897, -0.22601179778575897, -0.22601179778575897, -0.22601179778575897]], "d_fill": [[0, 1, 2, 3, 4, 5, 6, 7, 8, 9], [0.015, 0.04, 0.065, 0.08, 0.1, 0.125, 0.14, 0.145, 0.15, 0.17]], "eval_success": [[0, 9], [1.0, 1.0]], "eval_regret": [[0, 9], [0.0, 0.0]], "eval_success_inv": [[0, 9], [1.0, 1.0]], "eval_regret_inv": [[0, 9], [0.16666666666666652, 0.16666666666666652]], "eval_success_bigger": [[0, 9], [0.5, 0.5]], "eval_regret_bigger": [[0, 9], [0.0, 0.0]], "eval_success_inv_bigger": [[0, 9], [0.5, 0.5]], "eval_regret_inv_bigger": [[0, 9], [0.833333333333333, 0.833333333333333]]}