{"epsilons": [[0, 1, 2, 3, 4, 5, 6, 7, 8, 9, 10, 11, 12, 13, 14, 15, 16, 17, 18, 19], [0.9, 0.7186714360757506, 0.5738762589235352, 0.45825386125595147, 0.36592662284008043, 0.29220112392758907, 0.23332955706220979, 0.18631920872535232, 0.14878032589238496, 0.11880463385433165, 0.09486832980505137, 0.0757546209101158, 0.06049186910983001, 0.04830419827118651, 0.03857205282226823, 0.030800702882410234, 0.02459509485849364, 0.01963976904708104, 0.015682823361402008, 0.012523107985401226]], "rewards": [[0, 1, 2, 3, 4, 5, 6, 7, 8, 9, 10, 11, 12, 13, 14, 15, 16, 17, 18, 19], [0.0, 0.0, 0.0, -0.6, -4.440892098500626e-16, 0.0, -0.6666666666666665, -0.6, -0.6, -0.6, -0.6, 0.0, -4.440892098500626e-16, -0.6666666666666665, -0.3333333333333335, 0.0, 4.440892098500626e-16, -0.666666666666667, 0.0, 0.0]], "loss": [[0, 1, 2, 3, 4, 5, 6, 7, 8, 9, 10, 11, 12, 13, 14, 15, 16, 17, 18, 19], [0.0, 0.0, 0.0, 0.0, 0.0, 0.0, 0.0, 0.0, 0.0, 0.0, 0.0, 0.0, 0.0, 0.0, 0.0, 0.0, 0.0, 0.0, 0.0, 0.0]], "max_q": [[0, 1, 2, 3, 4, 5, 6, 7, 8, 9, 10, 11, 12, 13, 14, 15, 16, 17, 18, 19], [0.04349781200289726, 0.03917451575398445, 0.03917451575398445, 0.03786271810531616, 0.03786271810531616, 0.03786271810531616, 0.042962074279785156, 0.033999111503362656, 0.042401060461997986, 0.042401060461997986, 0.03785229101777077, 0.03785229101777077, 0.03785229101777077, 0.03785229101777077, 0.03785229101777077, 0.03785229101777077, 0.03785229101777077, 0.03785229101777077, 0.03785229101777077, 0.03785229101777077]], "min_q": [[0, 1, 2, 3, 4, 5, 6, 7, 8, 9, 10, 11, 12, 13, 14, 15, 16, 17, 18, 19], [-0.0230110976845026, -0.02224176935851574, -0.02224176935851574, -0.022186540067195892, -0.022186540067195892, -0.022186540067195892, -0.023025520145893097, -0.021806031465530396, -0.022729769349098206, -0.022729769349098206, -0.02193072810769081, -0.02193072810769081, -0.02193072810769081, -0.02193072810769081, -0.02193072810769081, -0.02193072810769081, -0.02193072810769081, -0.02193072810769081, -0.02193072810769081, -0.02193072810769081]], "d_fill": [[0, 1, 2, 3, 4, 5, 6, 7, 8, 9, 10, 11, 12, 13, 14, 15, 16, 17, 18, 19], [0.005, 0.01, 0.015, 0.08, 0.085, 0.09, 0.11, 0.18, 0.215, 0.24, 0.265, 0.27, 0.28, 0.295, 0.305, 0.31, 0.315, 0.335, 0.34, 0.345]], "timesteps": [[0, 1, 2, 3, 4, 5, 6, 7, 8, 9, 10, 11, 12, 13, 14, 15, 16, 17, 18, 19], [1, 1, 1, 13, 1, 1, 4, 14, 7, 5, 5, 1, 2, 3, 2, 1, 1, 4, 1, 1]], "eval_success_one": [[0, 19], [0.6666666666666666, 0.6666666666666666]], "eval_success_two": [[0, 19], [1.0, 1.0]], "eval_success_three": [[0, 19], [0.6666666666666666, 0.6666666666666666]], "eval_regret_one": [[0, 19], [0.0, 0.0]], "eval_regret_two": [[0, 19], [0.05555555555555536, 0.05555555555555536]], "eval_regret_three": [[0, 19], [0.0, 0.0]], "eval_success_inv_one": [[0, 19], [0.6666666666666666, 0.6666666666666666]], "eval_success_inv_two": [[0, 19], [1.0, 1.0]], "eval_success_inv_three": [[0, 19], [0.3333333333333333, 0.3333333333333333]], "eval_regret_inv_one": [[0, 19], [0.0, 0.0]], "eval_regret_inv_two": [[0, 19], [0.8888888888888893, 0.8888888888888893]], "eval_regret_inv_three": [[0, 19], [0.0, 0.0]]}