{"epsilons": [[0, 1, 2, 3, 4, 5, 6, 7, 8, 9], [0.9, 0.5738762589235352, 0.36592662284008043, 0.23332955706220979, 0.14878032589238496, 0.09486832980505137, 0.06049186910983001, 0.03857205282226823, 0.02459509485849364, 0.015682823361402008]], "rewards": [[0, 1, 2, 3, 4, 5, 6, 7, 8, 9], [-0.6666666666666665, -0.6, -0.6, -0.33333333333333304, -0.3333333333333339, -0.6, -0.3333333333333335, 0.0, 0.0, -0.5]], "loss": [[0, 1, 2, 3, 4, 5, 6, 7, 8, 9], [0.0, 0.0, 0.0, 0.0, 0.0, 0.0, 0.0, 0.0, 0.0, 0.0]], "max_q": [[0, 1, 2, 3, 4, 5, 6, 7, 8, 9], [0.034768689423799515, 0.0254361592233181, 0.0331413708627224, 0.033371616154909134, 0.03311062976717949, 0.03311062976717949, 0.03311062976717949, 0.03311062976717949, 0.03311062976717949, 0.03311062976717949]], "min_q": [[0, 1, 2, 3, 4, 5, 6, 7, 8, 9], [-0.020081359893083572, -0.019317954778671265, -0.021559858694672585, -0.020452091470360756, -0.021058859303593636, -0.021058859303593636, -0.021058859303593636, -0.021058859303593636, -0.021058859303593636, -0.021058859303593636]], "d_fill": [[0, 1, 2, 3, 4, 5, 6, 7, 8, 9], [0.015, 0.04, 0.065, 0.08, 0.1, 0.125, 0.14, 0.145, 0.15, 0.17]], "eval_success": [[0, 9], [1.0, 1.0]], "eval_regret": [[0, 9], [0.0, 0.0]], "eval_success_inv": [[0, 9], [1.0, 1.0]], "eval_regret_inv": [[0, 9], [0.16666666666666652, 0.16666666666666652]], "eval_success_bigger": [[0, 9], [0.5, 0.5]], "eval_regret_bigger": [[0, 9], [0.0, 0.0]], "eval_success_inv_bigger": [[0, 9], [0.5, 0.5]], "eval_regret_inv_bigger": [[0, 9], [0.833333333333333, 0.833333333333333]]}