{"epsilons": [[0, 1, 2, 3, 4, 5, 6, 7, 8, 9, 10, 11, 12, 13, 14, 15, 16, 17, 18, 19], [0.9, 0.7186714360757506, 0.5738762589235352, 0.45825386125595147, 0.36592662284008043, 0.29220112392758907, 0.23332955706220979, 0.18631920872535232, 0.14878032589238496, 0.11880463385433165, 0.09486832980505137, 0.0757546209101158, 0.06049186910983001, 0.04830419827118651, 0.03857205282226823, 0.030800702882410234, 0.02459509485849364, 0.01963976904708104, 0.015682823361402008, 0.012523107985401226]], "rewards": [[0, 1, 2, 3, 4, 5, 6, 7, 8, 9, 10, 11, 12, 13, 14, 15, 16, 17, 18, 19], [-1.5, 0.0, 0.0, 0.0, 0.0, 0.0, -0.25, 0.0, 0.0, 0.0, -0.5, -0.6666666666666679, -0.3333333333333339, -1.0000000000000018, -0.6, -0.75, -0.75, -0.875, -0.5, -0.625]], "loss": [[0, 1, 2, 3, 4, 5, 6, 7, 8, 9, 10, 11, 12, 13, 14, 15, 16, 17, 18, 19], [0.0, 0.0, 0.0, 0.0, 0.0, 0.0, 0.0, 0.0, 0.0, 0.0, 0.0, 0.0, 0.0, 0.0, 0.4859507977962494, 0.003405292285606265, 0.008568850345909595, 0.0002260031906189397, 0.006540839560329914, 0.005395408254116774]], "max_q": [[0, 1, 2, 3, 4, 5, 6, 7, 8, 9, 10, 11, 12, 13, 14, 15, 16, 17, 18, 19], [0.0606117807328701, 0.0606117807328701, 0.060088951140642166, 0.060088951140642166, 0.060088951140642166, 0.060088951140642166, 0.14614009857177734, 0.14614009857177734, 0.1473977416753769, 0.12588819861412048, 0.1452069878578186, 0.16095159947872162, 0.16169589757919312, 0.16169589757919312, 0.0406210720539093, 0.0406210720539093, 0.0406210720539093, 0.0406210720539093, 0.0406210720539093, 0.0406210720539093]], "min_q": [[0, 1, 2, 3, 4, 5, 6, 7, 8, 9, 10, 11, 12, 13, 14, 15, 16, 17, 18, 19], [-0.026312189176678658, -0.026312189176678658, -0.025870762765407562, -0.025870762765407562, -0.025870762765407562, -0.025870762765407562, -0.04455237090587616, -0.04455237090587616, -0.04381859675049782, -0.03770248964428902, -0.04566703736782074, -0.045861851423978806, -0.04624581336975098, -0.04624581336975098, -0.0071428571827709675, -0.0071428571827709675, -0.0071428571827709675, -0.0071428571827709675, -0.0071428571827709675, -0.0071428571827709675]], "d_fill": [[0, 1, 2, 3, 4, 5, 6, 7, 8, 9, 10, 11, 12, 13, 14, 15, 16, 17, 18, 19], [0.02, 0.025, 0.035, 0.04, 0.045, 0.05, 0.09, 0.095, 0.12, 0.155, 0.205, 0.26, 0.29, 0.365, 0.52, 0.575, 0.67, 0.75, 0.815, 0.885]], "timesteps": [[0, 1, 2, 3, 4, 5, 6, 7, 8, 9, 10, 11, 12, 13, 14, 15, 16, 17, 18, 19], [4, 1, 2, 1, 1, 1, 8, 1, 5, 7, 10, 11, 6, 15, 31, 11, 19, 16, 13, 14]], "eval_success_random_fill": [[0, 14, 15, 16, 17, 18, 19], [0.6666666666666666, 0.6666666666666666, 0.6666666666666666, 0.6666666666666666, 0.6666666666666666, 0.6666666666666666, 0.6666666666666666]], "eval_success_tracing_pathes_in_the_dark": [[0, 14, 15, 16, 17, 18, 19], [1.0, 1.0, 1.0, 1.0, 1.0, 1.0, 1.0]], "eval_success_corridor_with_passing": [[0, 14, 15, 16, 17, 18, 19], [0.6666666666666666, 0.0, 0.3333333333333333, 0.3333333333333333, 0.3333333333333333, 0.3333333333333333, 0.3333333333333333]], "eval_success_arena_with_crossing": [[0, 14, 15, 16, 17, 18, 19], [1.0, 1.0, 1.0, 1.0, 1.0, 1.0, 1.0]], "eval_regret_random_fill": [[0, 14, 15, 16, 17, 18, 19], [0.0, 0.0, 0.0, 0.0, 0.0, 0.0, 0.0]], "eval_regret_tracing_pathes_in_the_dark": [[0, 14, 15, 16, 17, 18, 19], [0.05555555555555536, 0.05555555555555536, 0.05555555555555536, 0.8888888888888893, 0.8888888888888893, 0.8888888888888893, 0.8888888888888893]], "eval_regret_corridor_with_passing": [[0, 14, 15, 16, 17, 18, 19], [0.0, NaN, 0.0, 0.0, 0.0, 0.0, 0.0]], "eval_regret_arena_with_crossing": [[0, 14, 15, 16, 17, 18, 19], [0.888888888888889, 0.3333333333333333, 0.22222222222222202, 0.22222222222222202, 0.22222222222222202, 0.11111111111111101, 0.11111111111111101]], "eval_success_inv_random_fill": [[0, 14, 15, 16, 17, 18, 19], [0.6666666666666666, 1.0, 1.0, 1.0, 0.6666666666666666, 0.6666666666666666, 0.6666666666666666]], "eval_success_inv_tracing_pathes_in_the_dark": [[0, 14, 15, 16, 17, 18, 19], [1.0, 1.0, 1.0, 1.0, 1.0, 1.0, 1.0]], "eval_success_inv_corridor_with_passing": [[0, 14, 15, 16, 17, 18, 19], [0.3333333333333333, 1.0, 1.0, 0.0, 0.0, 0.0, 0.0]], "eval_success_inv_arena_with_crossing": [[0, 14, 15, 16, 17, 18, 19], [1.0, 1.0, 1.0, 1.0, 1.0, 1.0, 1.0]], "eval_regret_inv_random_fill": [[0, 14, 15, 16, 17, 18, 19], [0.0, 0.22222222222222232, 0.22222222222222232, 0.22222222222222232, 0.0, 0.0, 0.0]], "eval_regret_inv_tracing_pathes_in_the_dark": [[0, 14, 15, 16, 17, 18, 19], [0.8888888888888893, 0.22222222222222263, 0.22222222222222263, 0.05555555555555536, 0.05555555555555536, 0.05555555555555536, 0.05555555555555536]], "eval_regret_inv_corridor_with_passing": [[0, 14, 15, 16, 17, 18, 19], [0.0, 1.3333333333333333, 4.666666666666667, NaN, NaN, NaN, NaN]], "eval_regret_inv_arena_with_crossing": [[0, 14, 15, 16, 17, 18, 19], [0.11111111111111101, 0.3333333333333333, 0.7777777777777777, 0.6666666666666666, 0.6666666666666666, 0.6666666666666666, 0.6666666666666666]]}