{"epsilons": [[0, 1, 2, 3, 4, 5, 6, 7, 8, 9, 10, 11, 12, 13, 14, 15, 16, 17, 18, 19], [0.9, 0.7186714360757506, 0.5738762589235352, 0.45825386125595147, 0.36592662284008043, 0.29220112392758907, 0.23332955706220979, 0.18631920872535232, 0.14878032589238496, 0.11880463385433165, 0.09486832980505137, 0.0757546209101158, 0.06049186910983001, 0.04830419827118651, 0.03857205282226823, 0.030800702882410234, 0.02459509485849364, 0.01963976904708104, 0.015682823361402008, 0.012523107985401226]], "rewards": [[0, 1, 2, 3, 4, 5, 6, 7, 8, 9, 10, 11, 12, 13, 14, 15, 16, 17, 18, 19], [-0.6666666666666661, -0.6666666666666665, -0.3333333333333335, -2.0, -0.6, 0.0, -0.6, -0.6, -1.333333333333334, -3.6666666666666665, 0.0, 0.0, -0.5, -0.6, -0.6, -0.6, -2.499999999999999, -0.6, -1.333333333333333, -0.6]], "loss": [[0, 1, 2, 3, 4, 5, 6, 7, 8, 9, 10, 11, 12, 13, 14, 15, 16, 17, 18, 19], [0.0, 0.0, 0.0, 0.0, 0.0, 0.0, 0.0, 0.0, 0.0, 0.0, 0.0, 0.0, 0.0, 0.0, 0.0, 0.0, 0.0, 0.003905924502760172, 0.008176380768418312, 0.0030724152456969023]], "max_q": [[0, 1, 2, 3, 4, 5, 6, 7, 8, 9, 10, 11, 12, 13, 14, 15, 16, 17, 18, 19], [0.03758057579398155, 0.043557699769735336, 0.042632829397916794, 0.037783194333314896, 0.042092304676771164, 0.04191485047340393, 0.042973536998033524, 0.04359328746795654, 0.0421563945710659, 0.0421563945710659, 0.0421563945710659, 0.0421563945710659, 0.0421563945710659, 0.060654330998659134, 0.047012362629175186, 0.047012362629175186, 0.047012362629175186, 0.047012362629175186, 0.047012362629175186, 0.047012362629175186]], "min_q": [[0, 1, 2, 3, 4, 5, 6, 7, 8, 9, 10, 11, 12, 13, 14, 15, 16, 17, 18, 19], [-0.02179010771214962, -0.025182228535413742, -0.02306266874074936, -0.021137598901987076, -0.0228902455419302, -0.022053245455026627, -0.023334834724664688, -0.023967470973730087, -0.022949639707803726, -0.022949639707803726, -0.022949639707803726, -0.022949639707803726, -0.022949639707803726, -0.02559913694858551, -0.02275964617729187, -0.02275964617729187, -0.02275964617729187, -0.02275964617729187, -0.02275964617729187, -0.02275964617729187]], "d_fill": [[0, 1, 2, 3, 4, 5, 6, 7, 8, 9, 10, 11, 12, 13, 14, 15, 16, 17, 18, 19], [0.025, 0.04, 0.05, 0.08, 0.12, 0.13, 0.17, 0.21, 0.24, 0.255, 0.26, 0.265, 0.3, 0.35, 0.4, 0.45, 0.48, 0.56, 0.585, 0.63]], "eval_success_one": [[0, 17, 18, 19], [0.6666666666666666, 0.6666666666666666, 0.6666666666666666, 0.6666666666666666]], "eval_success_two": [[0, 17, 18, 19], [0.3333333333333333, 0.3333333333333333, 0.3333333333333333, 0.3333333333333333]], "eval_regret_one": [[0, 17, 18, 19], [1.1666666666666667, 1.8333333333333337, 2.166666666666667, 2.166666666666667]], "eval_regret_two": [[0, 17, 18, 19], [1.833333333333333, 1.833333333333333, 1.833333333333333, 1.833333333333333]], "eval_success_inv_one": [[0, 17, 18, 19], [1.0, 1.0, 1.0, 1.0]], "eval_success_inv_two": [[0, 17, 18, 19], [0.0, 0.3333333333333333, 0.3333333333333333, 0.3333333333333333]], "eval_regret_inv_one": [[0, 17, 18, 19], [1.2222222222222223, 1.2222222222222223, 1.0000000000000002, 1.0000000000000002]], "eval_regret_inv_two": [[0, 17, 18, 19], [NaN, 4.499999999999999, 4.499999999999999, 4.499999999999999]]}