,path_len,success_rate,n_nodes,Spars_denseDelta,Spars_sparseDelta,Spars_stretchFactor,Spars_maxFailures,Spars_maxTime,map,roadmap,ODRM_n,ODRM_lr,ODRM_epochs
1,24.939977645874023,1.0,5015.0,1.0,10.0,1.01,500.0,1.0,c,Spars,,,
2,23.889177322387695,0.99,5185.0,1.0,10.0,1.01,500.0,1.0,x,Spars,,,
3,31.256322860717773,0.99,4740.0,1.0,10.0,1.01,500.0,1.0,z,Spars,,,
4,0.5429558157920837,1.0,100.0,,,,,,c,ODRM,100.0,0.001,50.0
5,0.4885731041431427,1.0,100.0,,,,,,x,ODRM,100.0,0.001,50.0
6,0.5941622257232666,1.0,100.0,,,,,,z,ODRM,100.0,0.001,50.0
